umidade;nutrientes;irrigacao;hora;dia
23.653749999999995;6.378750000000002;1;0;6
76.14375000000001;6.378750000000002;1;1;6
23.653749999999995;33.42875;1;2;6
76.14375000000001;33.42875;0;3;6
23.653749999999995;6.378750000000002;1;4;6
23.653749999999995;6.378750000000002;1;5;6
23.653749999999995;33.42875;1;6;6
23.653749999999995;6.378750000000002;1;7;6
76.14375000000001;33.42875;0;8;6
23.653749999999995;33.42875;1;9;6
45.37;22.01;0;10;6
45.34;30.91;0;11;6
52.42;18.15;0;12;6
30.87;21.02;1;13;6
32.75;14.84;1;14;6
44.38;17.35;0;15;6
39.87;23.09;1;16;6
53.14;25.65;0;17;6
40.92;33.42875;0;18;6
35.88;19.52;1;19;6
64.66;15.33;0;20;6
47.74;23.77;0;21;6
50.68;14.36;1;22;6
35.75;22.82;1;23;6
44.56;17.49;0;0;0
51.11;21.06;0;1;0
38.49;25.46;1;2;0
53.76;19.45;0;3;0
43.99;24.66;0;4;0
47.08;24.37;0;5;0
43.98;10.68;1;6;0
68.52;15.49;0;7;0
49.87;12.19;1;8;0
39.42;30.01;1;9;0
58.23;19.47;0;10;0
37.79;28.9;1;11;0
52.09;11.84;1;12;0
30.4;17.14;1;13;0
36.72;24.0;1;14;0
51.97;20.9;0;15;0
57.38;22.66;0;16;0
51.71;13.73;1;17;0
48.84;26.88;0;18;0
46.99;23.89;0;19;0
35.21;22.01;1;20;0
42.8;16.57;0;21;0
45.39;21.62;0;22;0
60.57;18.54;0;23;0
53.44;11.75;1;0;1
32.37;19.75;1;1;1
53.24;19.22;0;2;1
46.15;25.31;0;3;1
43.23;8.83;1;4;1
56.12;21.18;0;5;1
60.31;14.22;1;6;1
59.31;21.6;0;7;1
41.61;21.87;0;8;1
46.91;19.57;0;9;1
53.31;24.04;0;10;1
59.76;13.77;1;11;1
45.21;25.54;0;12;1
48.14;16.46;0;13;1
38.94;12.22;1;14;1
38.04;18.64;1;15;1
58.13;9.52;1;16;1
63.56;21.27;0;17;1
49.28;18.7;0;18;1
60.04;26.17;0;19;1
53.62;23.24;0;20;1
43.55;13.04;1;21;1
53.61;15.81;0;22;1
65.38;22.6;0;23;1
49.64;24.24;0;0;2
65.65;26.11;0;1;2
23.8;26.07;1;2;2
58.22;19.55;0;3;2
50.87;21.81;0;4;2
47.01;26.49;0;5;2
50.92;18.48;0;6;2
30.12;21.9;1;7;2
47.8;18.37;0;8;2
53.57;17.25;0;9;2
64.78;20.24;0;10;2
44.82;16.56;0;11;2
41.92;19.35;0;12;2
44.98;14.83;1;13;2
59.15;19.05;0;14;2
53.29;22.24;0;15;2
44.7;17.06;0;16;2
55.13;20.05;0;17;2
50.97;20.7;0;18;2
59.69;22.26;0;19;2
42.98;19.33;0;20;2
46.72;25.43;0;21;2
46.08;9.5;1;22;2
35.36;33.42875;1;23;2
52.96;15.64;0;0;3
52.61;22.02;0;1;3
50.05;15.31;0;2;3
47.65;23.22;0;3;3
35.85;21.38;1;4;3
45.79;16.75;0;5;3
46.57;25.37;0;6;3
41.98;19.18;0;7;3
48.39;22.74;0;8;3
54.04;15.41;0;9;3
68.86;19.85;0;10;3
51.75;30.02;0;11;3
52.58;24.81;0;12;3
49.26;21.54;0;13;3
30.81;17.76;1;14;3
49.73;20.34;0;15;3
50.6;20.99;0;16;3
74.63;22.25;0;17;3
48.08;14.62;1;18;3
53.02;23.34;0;19;3
49.65;14.55;1;20;3
38.31;28.16;1;21;3
61.43;16.14;0;22;3
57.52;21.48;0;23;3
57.91;25.03;0;0;4
40.91;18.74;0;1;4
64.03;21.7;0;2;4
35.98;27.18;1;3;4
55.87;22.82;0;4;4
71.9;21.78;0;5;4
40.09;11.58;1;6;4
44.34;15.33;0;7;4
51.0;25.23;0;8;4
44.97;22.85;0;9;4
34.49;23.61;1;10;4
50.69;23.18;0;11;4
39.38;26.45;1;12;4
54.74;18.69;0;13;4
40.81;20.6;0;14;4
65.5;14.86;1;15;4
42.17;13.61;1;16;4
46.78;11.78;1;17;4
58.14;15.57;0;18;4
37.69;27.76;1;19;4
52.27;12.24;1;20;4
63.07;18.48;0;21;4
33.93;13.53;1;22;4
51.85;17.0;0;23;4
52.6;20.85;0;0;5
57.82;16.5;0;1;5
37.63;25.45;1;2;5
36.8;27.67;1;3;5
55.22;8.75;1;4;5
52.97;16.59;0;5;5
52.5;20.3;0;6;5
53.46;25.63;0;7;5
43.2;17.73;0;8;5
52.32;19.9;0;9;5
52.93;14.22;1;10;5
42.86;12.34;1;11;5
68.66;27.23;0;12;5
54.74;10.88;1;13;5
38.09;31.64;1;14;5
56.57;23.63;0;15;5
40.25;23.4;0;16;5
57.87;22.88;0;17;5
61.59;18.74;0;18;5
41.79;21.96;0;19;5
59.63;19.06;0;20;5
54.13;22.77;0;21;5
58.22;19.83;0;22;5
68.97;15.25;0;23;5
47.55;15.65;0;0;6
42.46;15.08;0;1;6
41.1;24.85;0;2;6
41.84;16.91;0;3;6
49.23;10.44;1;4;6
53.41;21.98;0;5;6
52.77;27.57;0;6;6
58.27;23.87;0;7;6
50.13;16.98;0;8;6
64.54;12.07;1;9;6
47.35;19.33;0;10;6
76.14375000000001;19.2;0;11;6
56.26;15.15;0;12;6
41.43;22.76;0;13;6
39.29;29.23;1;14;6
54.82;21.11;0;15;6
47.77;20.8;0;16;6
57.14;15.31;0;17;6
54.73;26.99;0;18;6
49.27;19.62;0;19;6
41.53;17.11;0;20;6
34.85;20.32;1;21;6
45.53;22.36;0;22;6
58.56;20.7;0;23;6
52.14;26.03;0;0;0
37.54;21.92;1;1;0
51.73;18.58;0;2;0
53.85;22.01;0;3;0
41.16;22.5;0;4;0
51.54;13.52;1;5;0
50.58;25.75;0;6;0
38.57;18.5;1;7;0
53.58;18.62;0;8;0
55.61;23.76;0;9;0
60.83;23.74;0;10;0
60.54;16.5;0;11;0
36.22;24.01;1;12;0
40.62;17.2;0;13;0
55.15;29.1;0;14;0
55.14;15.86;0;15;0
55.15;21.2;0;16;0
76.14375000000001;16.09;0;17;0
55.71;31.11;0;18;0
61.36;13.81;1;19;0
59.54;22.62;0;20;0
56.51;16.33;0;21;0
46.85;18.23;0;22;0
57.59;22.27;0;23;0
42.27;26.12;0;0;1
47.63;28.12;0;1;1
45.15;12.32;1;2;1
50.82;21.34;0;3;1
73.15;27.3;0;4;1
31.33;11.57;1;5;1
56.86;21.57;0;6;1
33.87;19.99;1;7;1
45.28;22.07;0;8;1
60.89;16.14;0;9;1
50.64;12.82;1;10;1
39.22;10.43;1;11;1
42.85;24.88;0;12;1
56.8;25.52;0;13;1
42.7;21.51;0;14;1
52.16;17.33;0;15;1
50.46;11.88;1;16;1
43.48;22.82;0;17;1
71.44;14.5;1;18;1
56.34;16.44;0;19;1
29.75;17.07;1;20;1
51.86;19.01;0;21;1
43.38;16.2;0;22;1
58.52;20.17;0;23;1
42.07;16.89;0;0;2
48.85;23.51;0;1;2
55.05;25.16;0;2;2
58.66;20.54;0;3;2
38.0;22.31;1;4;2
46.65;30.59;0;5;2
45.25;14.14;1;6;2
43.47;13.83;1;7;2
67.65;23.47;0;8;2
54.05;29.73;0;9;2
37.39;18.7;1;10;2
59.18;28.63;0;11;2
71.22;20.48;0;12;2
60.32;16.6;0;13;2
34.81;15.05;1;14;2
45.16;23.15;0;15;2
62.67;15.43;0;16;2
42.92;20.41;0;17;2
54.44;27.92;0;18;2
57.75;18.47;0;19;2
40.73;26.57;0;20;2
49.4;13.93;1;21;2
23.653749999999995;17.33;1;22;2
39.76;12.96;1;23;2
47.47;20.36;0;0;3
37.52;23.9;1;1;3
66.32;20.38;0;2;3
35.7;26.14;1;3;3
45.6;16.25;0;4;3
51.31;21.13;0;5;3
64.41;17.36;0;6;3
35.64;21.81;1;7;3
61.63;22.52;0;8;3
50.1;22.91;0;9;3
40.18;14.65;1;10;3
54.62;15.55;0;11;3
51.99;16.48;0;12;3
44.0;18.81;0;13;3
50.7;20.44;0;14;3
46.15;23.54;0;15;3
51.14;15.76;0;16;3
56.62;11.99;1;17;3
65.86;30.78;0;18;3
37.62;14.34;1;19;3
71.33;24.18;0;20;3
30.48;20.16;1;21;3
48.48;21.26;0;22;3
55.88;19.99;0;23;3
52.81;18.08;0;0;4
43.77;22.32;0;1;4
47.92;17.81;0;2;4
45.07;25.83;0;3;4
44.11;22.84;0;4;4
58.5;23.0;0;5;4
53.57;17.46;0;6;4
43.07;18.82;0;7;4
59.0;14.06;1;8;4
53.07;18.23;0;9;4
58.13;14.82;1;10;4
56.3;26.57;0;11;4
41.71;20.25;0;12;4
44.4;20.85;0;13;4
57.47;18.87;0;14;4
56.1;20.99;0;15;4
49.79;32.32;0;16;4
51.17;18.5;0;17;4
62.78;16.75;0;18;4
44.08;22.65;0;19;4
55.47;7.37;1;20;4
47.98;20.32;0;21;4
47.82;18.14;0;22;4
60.99;15.04;0;23;4
58.25;22.54;0;0;5
58.14;20.27;0;1;5
63.05;10.99;1;2;5
50.21;16.77;0;3;5
56.82;6.378750000000002;1;4;5
46.9;21.47;0;5;5
53.24;21.42;0;6;5
48.7;16.03;0;7;5
50.97;22.7;0;8;5
55.95;13.59;1;9;5
41.82;15.17;0;10;5
70.92;22.09;0;11;5
39.94;16.56;1;12;5
37.86;19.69;1;13;5
61.58;17.18;0;14;5
57.92;17.95;0;15;5
56.24;18.16;0;16;5
56.28;16.47;0;17;5
49.88;21.51;0;18;5
41.03;16.86;0;19;5
50.76;20.08;0;20;5
43.23;16.36;0;21;5
59.75;12.33;1;22;5
48.53;24.56;0;23;5
41.75;22.5;0;0;6
46.79;31.44;0;1;6
54.13;14.78;1;2;6
44.36;18.96;0;3;6
41.78;19.36;0;4;6
52.44;24.95;0;5;6
52.45;17.46;0;6;6
44.93;14.14;1;7;6
45.29;26.04;0;8;6
52.32;18.42;0;9;6
35.52;24.39;1;10;6
35.93;23.81;1;11;6
42.82;19.85;0;12;6
47.87;19.13;0;13;6
53.11;18.04;0;14;6
64.75;19.92;0;15;6
58.58;24.32;0;16;6
48.4;16.02;0;17;6
49.81;20.54;0;18;6
39.97;14.41;1;19;6
49.81;15.03;0;20;6
47.11;19.85;0;21;6
53.23;10.2;1;22;6
41.73;30.3;0;23;6
55.19;14.03;1;0;0
65.33;19.8;0;1;0
48.91;25.84;0;2;0
54.02;15.69;0;3;0
56.9;8.49;1;4;0
45.99;17.78;0;5;0
52.24;15.63;0;6;0
50.13;8.62;1;7;0
50.98;21.42;0;8;0
42.27;21.04;0;9;0
50.25;25.71;0;10;0
54.98;14.4;1;11;0
64.51;12.0;1;12;0
59.59;17.97;0;13;0
71.53;19.56;0;14;0
42.33;24.61;0;15;0
58.72;27.05;0;16;0
51.83;26.07;0;17;0
71.9;21.38;0;18;0
41.92;24.0;0;19;0
41.6;16.8;0;20;0
44.01;20.84;0;21;0
28.76;14.04;1;22;0
44.74;20.31;0;23;0
42.41;20.44;0;0;1
51.5;28.61;0;1;1
53.42;18.86;0;2;1
68.76;20.45;0;3;1
59.5;21.18;0;4;1
44.23;17.73;0;5;1
41.02;15.99;0;6;1
54.92;26.49;0;7;1
36.8;15.1;1;8;1
68.31;13.36;1;9;1
61.79;23.4;0;10;1
45.31;25.79;0;11;1
32.87;17.74;1;12;1
63.54;17.82;0;13;1
48.85;21.41;0;14;1
62.38;16.46;0;15;1
34.06;16.09;1;16;1
44.01;24.4;0;17;1
50.05;23.04;0;18;1
50.47;26.56;0;19;1
45.5;13.74;1;20;1
56.23;17.49;0;21;1
39.32;21.41;1;22;1
48.58;15.37;0;23;1
51.2;23.21;0;0;2
55.14;26.12;0;1;2
57.12;17.08;0;2;2
38.75;20.19;1;3;2
34.66;27.28;1;4;2
62.78;29.0;0;5;2
53.32;23.73;0;6;2
42.52;22.97;0;7;2
65.51;15.73;0;8;2
51.16;21.8;0;9;2
61.79;22.78;0;10;2
50.68;18.95;0;11;2
70.61;17.03;0;12;2
67.55;13.59;1;13;2
47.51;11.31;1;14;2
59.72;10.26;1;15;2
56.45;22.9;0;16;2
63.69;20.74;0;17;2
40.35;17.58;0;18;2
56.86;18.34;0;19;2
60.58;21.05;0;20;2
32.41;19.18;1;21;2
38.17;13.3;1;22;2
29.61;24.57;1;23;2
47.31;21.52;0;0;3
57.18;21.33;0;1;3
65.02;24.19;0;2;3
50.74;15.93;0;3;3
66.29;26.07;0;4;3
36.2;19.3;1;5;3
32.97;24.44;1;6;3
49.44;23.67;0;7;3
53.84;14.81;1;8;3
49.67;22.51;0;9;3
29.33;21.63;1;10;3
49.11;20.15;0;11;3
36.96;19.53;1;12;3
56.7;19.57;0;13;3
53.67;24.06;0;14;3
40.6;22.89;0;15;3
44.86;20.15;0;16;3
39.41;12.54;1;17;3
49.37;22.47;0;18;3
59.55;23.62;0;19;3
40.14;31.5;0;20;3
55.04;25.38;0;21;3
44.7;10.5;1;22;3
42.07;20.39;0;23;3
48.93;29.06;0;0;4
39.65;23.12;1;1;4
44.46;21.64;0;2;4
38.02;24.5;1;3;4
69.65;16.89;0;4;4
50.35;22.39;0;5;4
43.0;18.75;0;6;4
52.14;19.9;0;7;4
48.88;24.14;0;8;4
47.79;15.37;0;9;4
56.14;26.44;0;10;4
57.58;17.89;0;11;4
44.69;21.3;0;12;4
44.24;13.0;1;13;4
47.25;23.6;0;14;4
26.98;27.23;1;15;4
34.85;17.43;1;16;4
63.67;14.45;1;17;4
66.45;21.39;0;18;4
47.51;27.27;0;19;4
55.77;12.75;1;20;4
53.11;14.47;1;21;4
76.14375000000001;17.73;0;22;4
61.2;15.9;0;23;4
48.72;15.91;0;0;5
40.44;9.53;1;1;5
33.94;22.95;1;2;5
52.03;21.69;0;3;5
42.44;11.51;1;4;5
35.78;27.29;1;5;5
43.53;28.41;0;6;5
39.18;16.25;1;7;5
66.87;25.83;0;8;5
58.82;17.14;0;9;5
49.92;20.91;0;10;5
64.8;15.82;0;11;5
50.77;31.07;0;12;5
41.39;18.52;0;13;5
65.23;20.63;0;14;5
55.39;16.56;0;15;5
39.63;29.31;1;16;5
48.1;29.43;0;17;5
41.24;28.15;0;18;5
36.17;24.78;1;19;5
59.26;16.88;0;20;5
69.09;24.14;0;21;5
36.01;19.96;1;22;5
55.63;26.56;0;23;5
43.49;25.58;0;0;6
45.13;16.75;0;1;6
44.08;24.74;0;2;6
41.36;23.41;0;3;6
50.49;6.378750000000002;1;4;6
41.69;24.0;0;5;6
52.7;17.84;0;6;6
49.5;15.57;0;7;6
47.61;15.78;0;8;6
40.92;19.32;0;9;6
44.23;22.4;0;10;6
57.55;13.17;1;11;6
55.01;20.95;0;12;6
40.22;22.88;0;13;6
50.99;29.31;0;14;6
57.51;14.62;1;15;6
33.31;18.25;1;16;6
55.43;21.31;0;17;6
43.37;25.74;0;18;6
55.71;18.48;0;19;6
42.37;25.99;0;20;6
31.95;10.31;1;21;6
33.72;13.73;1;22;6
50.48;21.74;0;23;6
52.6;12.95;1;0;0
40.96;14.13;1;1;0
56.39;17.36;0;2;0
33.38;23.86;1;3;0
49.34;10.52;1;4;0
37.89;20.85;1;5;0
43.48;25.16;0;6;0
50.47;19.03;0;7;0
41.4;18.16;0;8;0
46.15;22.01;0;9;0
60.06;19.04;0;10;0
44.23;26.95;0;11;0
58.36;14.44;1;12;0
38.7;19.74;1;13;0
55.3;21.03;0;14;0
64.42;18.11;0;15;0
25.28;6.378750000000002;1;16;0
42.03;19.2;0;17;0
55.77;24.5;0;18;0
47.97;23.89;0;19;0
53.71;21.77;0;20;0
43.96;14.51;1;21;0
50.87;21.98;0;22;0
48.44;17.13;0;23;0
61.68;21.77;0;0;1
52.54;20.61;0;1;1
53.38;15.12;0;2;1
45.88;15.54;0;3;1
45.12;21.78;0;4;1
45.67;18.89;0;5;1
53.94;15.8;0;6;1
45.79;15.39;0;7;1
52.9;18.48;0;8;1
70.75;27.84;0;9;1
58.71;17.37;0;10;1
46.74;19.93;0;11;1
62.01;20.51;0;12;1
45.92;14.34;1;13;1
29.62;11.19;1;14;1
39.92;14.87;1;15;1
31.29;21.24;1;16;1
46.48;20.44;0;17;1
50.18;23.51;0;18;1
66.76;20.48;0;19;1
53.27;19.45;0;20;1
47.81;16.98;0;21;1
58.29;24.42;0;22;1
27.89;15.4;1;23;1
52.36;14.45;1;0;2
57.71;22.84;0;1;2
35.21;13.33;1;2;2
61.44;32.07;0;3;2
53.38;20.4;0;4;2
45.85;21.74;0;5;2
56.33;15.96;0;6;2
72.71;18.42;0;7;2
51.82;17.87;0;8;2
52.48;17.29;0;9;2
45.41;23.16;0;10;2
41.5;17.75;0;11;2
58.3;25.09;0;12;2
41.44;33.32;0;13;2
50.72;18.52;0;14;2
45.22;20.76;0;15;2
54.79;21.9;0;16;2
53.34;29.06;0;17;2
60.38;19.59;0;18;2
44.9;15.85;0;19;2
47.3;13.67;1;20;2
40.21;19.71;0;21;2
45.56;17.76;0;22;2
53.77;30.05;0;23;2
57.57;28.85;0;0;3
40.78;14.83;1;1;3
58.7;16.45;0;2;3
63.56;20.37;0;3;3
54.13;26.99;0;4;3
68.77;20.29;0;5;3
42.26;16.76;0;6;3
37.55;19.71;1;7;3
32.21;16.86;1;8;3
64.96;23.01;0;9;3
56.54;16.45;0;10;3
49.44;17.45;0;11;3
52.8;25.81;0;12;3
38.75;16.16;1;13;3
74.46;12.77;1;14;3
51.29;20.47;0;15;3
51.09;18.2;0;16;3
57.26;22.56;0;17;3
54.81;21.59;0;18;3
52.24;19.84;0;19;3
42.1;19.69;0;20;3
54.71;16.32;0;21;3
68.82;20.42;0;22;3
63.45;24.41;0;23;3
65.93;15.13;0;0;4
44.89;19.97;0;1;4
40.1;25.19;0;2;4
48.74;22.53;0;3;4
50.56;26.55;0;4;4
60.94;17.16;0;5;4
33.08;10.85;1;6;4
65.3;21.0;0;7;4
48.42;21.81;0;8;4
45.73;26.84;0;9;4
39.88;25.94;1;10;4
33.45;22.68;1;11;4
58.23;23.83;0;12;4
50.73;19.04;0;13;4
37.1;13.9;1;14;4
37.05;20.59;1;15;4
46.64;24.91;0;16;4
66.69;23.28;0;17;4
47.4;24.17;0;18;4
34.97;17.86;1;19;4
47.54;18.67;0;20;4
47.27;22.42;0;21;4
23.653749999999995;17.27;1;22;4
49.46;17.42;0;23;4
47.69;21.49;0;0;5
56.96;23.8;0;1;5
68.49;19.0;0;2;5
61.27;14.18;1;3;5
47.31;16.32;0;4;5
38.93;21.02;1;5;5
75.73;20.96;0;6;5
50.59;21.21;0;7;5
50.14;22.61;0;8;5
49.76;20.03;0;9;5
51.98;21.33;0;10;5
48.56;19.77;0;11;5
44.26;25.74;0;12;5
44.53;27.16;0;13;5
49.67;14.05;1;14;5
44.57;18.72;0;15;5
42.87;20.16;0;16;5
51.06;18.67;0;17;5
47.45;28.96;0;18;5
65.04;21.12;0;19;5
23.653749999999995;15.97;1;20;5
60.92;22.98;0;21;5
62.46;21.35;0;22;5
29.27;21.52;1;23;5
46.57;29.04;0;0;6
46.29;21.75;0;1;6
35.92;18.48;1;2;6
42.22;10.22;1;3;6
38.89;19.17;1;4;6
67.52;26.53;0;5;6
59.36;19.54;0;6;6
62.72;8.8;1;7;6
57.22;17.51;0;8;6
38.71;24.96;1;9;6
44.75;22.73;0;10;6
54.89;15.8;0;11;6
37.78;17.17;1;12;6
57.13;17.95;0;13;6
47.6;16.69;0;14;6
46.25;9.85;1;15;6
57.11;23.82;0;16;6
54.44;26.29;0;17;6
46.39;12.41;1;18;6
61.59;26.22;0;19;6
39.19;19.48;1;20;6
56.16;26.13;0;21;6
55.93;20.19;0;22;6
46.9;20.68;0;23;6
53.26;21.86;0;0;0
37.49;16.05;1;1;0
59.24;25.97;0;2;0
48.15;14.39;1;3;0
44.77;17.99;0;4;0
60.49;22.62;0;5;0
42.96;17.45;0;6;0
35.92;23.89;1;7;0
34.43;26.88;1;8;0
56.06;25.06;0;9;0
37.2;10.32;1;10;0
67.55;20.63;0;11;0
29.18;25.14;1;12;0
66.96;13.42;1;13;0
52.11;23.62;0;14;0
49.03;23.34;0;15;0
44.55;13.94;1;16;0
53.99;24.17;0;17;0
49.62;21.36;0;18;0
61.03;23.25;0;19;0
51.14;15.17;0;20;0
51.5;20.75;0;21;0
46.36;11.48;1;22;0
49.43;8.62;1;23;0
53.08;20.7;0;0;1
32.9;25.5;1;1;1
36.52;21.26;1;2;1
57.43;19.68;0;3;1
51.71;19.06;0;4;1
48.16;15.29;0;5;1
50.18;18.89;0;6;1
53.48;22.11;0;7;1
44.6;17.82;0;8;1
42.22;23.75;0;9;1
51.96;20.98;0;10;1
40.22;21.58;0;11;1
54.08;24.44;0;12;1
32.97;17.37;1;13;1
60.29;23.3;0;14;1
54.73;18.07;0;15;1
52.56;21.7;0;16;1
59.83;16.77;0;17;1
66.65;15.45;0;18;1
60.14;20.46;0;19;1
31.59;10.57;1;20;1
37.2;18.52;1;21;1
43.75;11.97;1;22;1
50.26;23.9;0;23;1
55.18;25.25;0;0;2
42.74;15.68;0;1;2
51.87;22.14;0;2;2
42.45;24.5;0;3;2
43.88;24.51;0;4;2
35.93;21.07;1;5;2
40.77;23.67;0;6;2
36.48;16.75;1;7;2
40.24;20.42;0;8;2
60.54;17.66;0;9;2
40.51;16.33;0;10;2
76.14375000000001;20.18;0;11;2
54.93;21.74;0;12;2
51.85;25.82;0;13;2
41.42;21.33;0;14;2
57.0;23.21;0;15;2
44.24;23.27;0;16;2
51.22;33.42875;0;17;2
75.6;10.95;1;18;2
49.04;16.56;0;19;2
61.49;27.37;0;20;2
42.97;18.24;0;21;2
49.65;24.43;0;22;2
67.71;21.15;0;23;2
43.73;30.53;0;0;3
68.12;14.43;1;1;3
57.08;26.11;0;2;3
44.38;28.75;0;3;3
56.32;14.93;1;4;3
59.73;23.91;0;5;3
56.22;15.17;0;6;3
34.3;20.15;1;7;3
42.73;18.72;0;8;3
47.52;7.99;1;9;3
49.26;22.12;0;10;3
56.21;20.72;0;11;3
51.78;27.4;0;12;3
36.65;23.06;1;13;3
53.8;31.45;0;14;3
56.11;20.54;0;15;3
55.6;19.47;0;16;3
60.81;19.08;0;17;3
58.34;17.8;0;18;3
54.59;8.96;1;19;3
49.3;18.9;0;20;3
33.39;9.66;1;21;3
54.3;22.26;0;22;3
52.08;13.8;1;23;3
52.72;15.53;0;0;4
37.23;16.65;1;1;4
39.19;18.98;1;2;4
60.53;20.03;0;3;4
49.6;25.42;0;4;4
56.82;17.11;0;5;4
50.28;22.4;0;6;4
50.3;33.42875;0;7;4
59.38;21.89;0;8;4
44.84;19.1;0;9;4
50.96;16.1;0;10;4
45.38;19.03;0;11;4
45.66;15.57;0;12;4
46.91;21.34;0;13;4
52.22;20.52;0;14;4
45.21;9.19;1;15;4
62.56;19.91;0;16;4
41.05;25.38;0;17;4
48.13;18.0;0;18;4
45.6;16.74;0;19;4
64.47;13.11;1;20;4
51.97;10.71;1;21;4
60.32;24.16;0;22;4
35.14;19.09;1;23;4
52.67;23.86;0;0;5
58.9;27.66;0;1;5
50.82;24.61;0;2;5
60.65;17.29;0;3;5
44.83;20.72;0;4;5
64.09;16.93;0;5;5
72.99;16.46;0;6;5
46.37;21.71;0;7;5
45.54;15.84;0;8;5
64.53;8.95;1;9;5
65.8;15.56;0;10;5
44.77;18.47;0;11;5
45.8;27.61;0;12;5
47.18;17.55;0;13;5
36.56;22.56;1;14;5
40.81;19.16;0;15;5
39.96;26.13;1;16;5
42.32;25.79;0;17;5
49.65;25.88;0;18;5
52.34;11.33;1;19;5
65.51;21.03;0;20;5
40.02;23.79;0;21;5
59.84;21.91;0;22;5
47.86;23.18;0;23;5
49.51;20.29;0;0;6
56.75;16.28;0;1;6
38.77;11.51;1;2;6
53.82;16.77;0;3;6
51.66;33.39;0;4;6
54.92;17.57;0;5;6
52.89;10.2;1;6;6
74.55;23.66;0;7;6
43.62;24.28;0;8;6
44.69;26.44;0;9;6
43.77;22.35;0;10;6
44.45;24.23;0;11;6
43.63;29.2;0;12;6
61.89;16.27;0;13;6
64.21;15.28;0;14;6
44.29;14.53;1;15;6
41.68;18.67;0;16;6
54.71;27.17;0;17;6
44.48;22.64;0;18;6
56.33;22.44;0;19;6
52.03;10.9;1;20;6
34.84;16.53;1;21;6
65.48;10.82;1;22;6
67.96;25.86;0;23;6
43.87;27.93;0;0;0
46.12;23.9;0;1;0
52.86;15.07;0;2;0
53.34;27.41;0;3;0
56.59;18.73;0;4;0
70.1;13.93;1;5;0
48.23;15.18;0;6;0
42.02;17.85;0;7;0
36.21;20.25;1;8;0
42.69;19.19;0;9;0
49.67;12.94;1;10;0
67.95;26.07;0;11;0
44.82;19.25;0;12;0
52.24;16.43;0;13;0
49.84;25.55;0;14;0
61.88;14.08;1;15;0
75.27;11.86;1;16;0
44.69;26.36;0;17;0
45.11;29.46;0;18;0
60.44;17.69;0;19;0
56.82;19.77;0;20;0
68.47;14.27;1;21;0
55.84;20.03;0;22;0
46.41;17.62;0;23;0
55.91;19.49;0;0;1
61.09;22.05;0;1;1
58.2;14.51;1;2;1
55.07;18.19;0;3;1
60.67;10.98;1;4;1
61.69;18.23;0;5;1
63.82;19.53;0;6;1
56.49;21.14;0;7;1
48.33;21.2;0;8;1
51.47;24.52;0;9;1
62.07;12.3;1;10;1
41.83;12.57;1;11;1
53.69;22.64;0;12;1
46.07;9.81;1;13;1
50.29;20.92;0;14;1
62.78;14.1;1;15;1
51.91;27.86;0;16;1
50.46;21.25;0;17;1
36.4;18.9;1;18;1
57.46;26.14;0;19;1
56.45;14.68;1;20;1
71.63;15.63;0;21;1
46.92;13.69;1;22;1
52.19;15.67;0;23;1
52.49;20.31;0;0;2
65.77;22.47;0;1;2
49.05;24.81;0;2;2
52.79;10.88;1;3;2
56.08;19.14;0;4;2
51.87;14.46;1;5;2
45.54;18.97;0;6;2
51.94;31.67;0;7;2
60.74;21.46;0;8;2
39.73;24.5;1;9;2
51.33;29.8;0;10;2
43.0;25.64;0;11;2
61.95;17.76;0;12;2
34.77;13.62;1;13;2
44.41;19.85;0;14;2
53.77;17.16;0;15;2
65.66;12.38;1;16;2
49.34;21.2;0;17;2
44.45;21.33;0;18;2
68.81;28.85;0;19;2
35.52;18.19;1;20;2
28.01;21.4;1;21;2
54.4;16.67;0;22;2
44.98;24.37;0;23;2
39.79;19.38;1;0;3
57.08;14.14;1;1;3
52.44;19.93;0;2;3
44.36;21.95;0;3;3
37.2;21.28;1;4;3
58.72;25.23;0;5;3
56.5;12.76;1;6;3
49.01;15.79;0;7;3
68.47;23.2;0;8;3
39.3;16.37;1;9;3
34.74;21.2;1;10;3
43.08;7.9;1;11;3
49.54;33.42875;0;12;3
52.43;18.65;0;13;3
47.59;25.97;0;14;3
53.52;18.32;0;15;3
37.48;22.07;1;16;3
64.44;27.46;0;17;3
49.18;25.83;0;18;3
61.17;18.98;0;19;3
53.43;19.32;0;20;3
54.57;25.02;0;21;3
55.7;31.67;0;22;3
54.48;20.96;0;23;3
56.43;29.79;0;0;4
63.29;18.79;0;1;4
51.97;24.76;0;2;4
57.09;25.51;0;3;4
49.1;17.95;0;4;4
64.4;16.26;0;5;4
43.24;25.73;0;6;4
68.01;17.34;0;7;4
49.6;15.53;0;8;4
35.69;16.58;1;9;4
51.28;17.32;0;10;4
43.19;24.28;0;11;4
58.41;22.58;0;12;4
43.47;23.58;0;13;4
45.54;22.11;0;14;4
31.1;17.03;1;15;4
45.48;23.49;0;16;4
25.76;25.91;1;17;4
34.16;22.92;1;18;4
57.6;22.25;0;19;4
57.86;16.16;0;20;4
54.25;21.06;0;21;4
40.33;15.9;0;22;4
49.52;19.88;0;23;4
49.96;11.8;1;0;5
38.42;11.84;1;1;5
65.03;19.04;0;2;5
58.77;17.26;0;3;5
47.79;20.53;0;4;5
50.27;19.33;0;5;5
52.08;20.15;0;6;5
29.58;23.04;1;7;5
47.53;17.68;0;8;5
43.18;18.9;0;9;5
39.98;27.28;1;10;5
47.19;20.02;0;11;5
67.98;19.1;0;12;5
56.41;20.41;0;13;5
44.29;19.19;0;14;5
55.73;16.45;0;15;5
